frame_id1, frame_id2, x1, y1, z1, x2, y2, z2
1588, 18, -1.304476, 3.098012, 2.711778, -0.527670, -0.131620, 6.127820
